{
   "pools": [
     {
        "rolls": 1,
       "entries": [
         {
           "type": "item",
           "name": "minecraft:shulker_shell",
           "weight": 1,
           "functions": [
             {
               "function": "set_count",
               "count": {
                 "min": 0,
                 "max": 1
               }
             }
           ]
         },
                {
                "type": "loot_table",
                "name": "loot_tables/entities/giant.json",
                "weight": 100                   
                }          
       ]
     }
   ]
 } 