{
  "minecraft:entity": {
    "format_version": 0.1,

    "component_groups": {
      "minecraft:attack": {
          "minecraft:attack": {
          "damage": 4
        },
        "minecraft:behavior.melee_attack": {
          "priority": 2,
          "speed_multiplier": 1.25,
          "track_target": false
        }
      },
      "minecraft:pig_baby": {
        "minecraft:is_baby": {
        },
        "minecraft:scale": {
          "value":0.9
        },
        "minecraft:ageable": {
          "duration": 1200,
          "feedItems": [ "gunpowder" ],
          "grow_up": {
            "event": "minecraft:ageable_grow_up",
            "target": "self"
          }
        },
        "minecraft:health": {
          "value": 20,
          "max": 20
        },
        "minecraft:collision_box": {
          "width": 0.5,
          "height": 0.5
        },
        "minecraft:behavior.follow_parent": {
          "priority": 6,
          "speed_multiplier": 1.1
        }
      },
      
      "minecraft:pig_baby_tame": {
        "minecraft:is_baby": {
        },
        "minecraft:scale": {
          "value":0.9
        },
        "minecraft:ageable": {
          "duration": 1200,
          "feedItems": [ "gunpowder" ],
          "grow_up": {
            "event": "minecraft:ageable_grow_up_tame",
            "target": "self"
          }
        },
        "minecraft:health": {
          "value": 12,
          "max": 12
        },
        "minecraft:collision_box": {
          "width": 0.5,
          "height": 0.5
        },
        "minecraft:behavior.follow_owner": {
          "priority": 3,
          "speed_multiplier": 1.15,
          "start_distance": 12,
          "stop_distance": 4
        }
      },

      "minecraft:pig_adult": {
        "minecraft:loot": {
          "table": "loot_tables/entities/creeper.json"
        },
        "minecraft:tameable": {
          "probability": 0.33,
          "tameItems": [ "gunpowder" ],
          "tame_event": {
            "event": "minecraft:on_tame",
            "target": "self"
          }
        },
        "minecraft:health": {
          "value": 20,
          "max": 20
        },
        "minecraft:collision_box": {
          "width": 0.7,
          "height": 0.7
        },
        "minecraft:target_nearby_sensor": {
          "inside_range": 3.0,
          "outside_range": 4.0,
          "on_inside_range": {
            "event": "minecraft:start_attack",
            "target": "self"
          },
          "on_outside_range": {
            "event": "minecraft:stop_attack",
            "target": "self"
          }
        },
        "minecraft:on_target_escape": {
          "event": "minecraft:stop_attack",
          "target": "self"      
        }
      },
      
      "minecraft:pig_tame": {
        "minecraft:is_tamed": {
        },
        "minecraft:health": {
          "value": 20,
          "max": 20
        },
        "minecraft:collision_box": {
          "width": 0.7,
          "height": 0.7
        },
        "minecraft:loot": {
          "table": "loot_tables/entities/pig.json"
        },
        "minecraft:behavior.follow_owner": {
          "priority": 3,
          "speed_multiplier": 1.15,
          "start_distance": 12,
          "stop_distance": 4
        },
        "minecraft:attack": {
          "damage": 5
        },
        "minecraft:behavior.breed": {
          "priority": 4,
          "speed_multiplier": 1.0
        },
        "minecraft:breedable": {
          "requireTame": true,
          "breedsWith": {
            "mateType": "minecraft:creeper",
            "babyType": "minecraft:creeper",
            "breed_event": {
              "event": "minecraft:entity_born",
              "target": "baby"
            }
          },
          "breedItems": [ "gunpowder" ]
        },
        "minecraft:behavior.owner_hurt_by_target": {
          "priority": 1
        },
        "minecraft:behavior.owner_hurt_target": {
          "priority": 2
        },
        "minecraft:behavior.nearest_attackable_target": {
          "priority": 1,
          "entity_types": [
            {
              "filters": { "other_with_families": "monster" },
              "max_dist": 20
            }
          ],
          "must_see": true
        },
        "minecraft:target_nearby_sensor": {
          "inside_range": 3.0,
          "outside_range": 4.0,
          "on_inside_range": {
            "event": "minecraft:start_attack",
            "target": "self"
          },
          "on_outside_range": {
            "event": "minecraft:stop_attack",
            "target": "self"
          }
        },
        "minecraft:on_target_escape": {
          "event": "minecraft:stop_attack",
          "target": "self"      
        },
        "minecraft:sittable": {
        }
      }
    },

    "components": {
      "minecraft:identifier": {
        "id": "minecraft:creeper"
      },

      "minecraft:type_family": {
        "family": [ "creeper" ]
      },
      "minecraft:fire_immune": true,
      "minecraft:breathable": {
        "totalSupply": 15,
        "suffocateTime": 0
      },
      "minecraft:nameable": {
      },
      "minecraft:behavior.tempt": {
        "priority": 5,
        "speed_multiplier": 1.2,
        "items": [
          "gunpowder"
        ]
      },
      "minecraft:movement": {
        "value": 0.25,
        "max": 0.3
      },
      "minecraft:damage_sensor": [
        {
          "on_damage": {
            "filters": { "other_with_families": "lightning" },
            "event": "minecraft:become_charged"
          },
          "deals_damage": false
        }
      ],
	  "minecraft:behavior.stay_while_sitting": {
        "priority": 3
      },
      "minecraft:behavior.float": {
        "priority": 0
      },
      "minecraft:healable": {
        "items": [ "gunpowder" ]
      },
      "minecraft:behavior.random_stroll": {
        "priority": 5,
        "speed_multiplier": 1
      },
      "minecraft:behavior.look_at_player": {
        "priority": 6,
        "look_distance": 8
      },
      "minecraft:behavior.hurt_by_target": {
          "priority": 2
      },
      "minecraft:behavior.random_look_around": {
        "priority": 6
      }
    },

    "events": {
      "minecraft:start_attack": {
        "sequence":[
          {
            "remove": {
              "component_groups": [
                "minecraft:hunting"
              ]
            },
            "add": {
              "component_groups": [
                "minecraft:attack"
              ]
            }
          }
        ]
      },
      "minecraft:stop_attack": {
        "remove": {
          "component_groups": [
            "minecraft:attack"
          ]
        },
        "add": {
          "component_groups": [
            "minecraft:hunting"
          ]
        }
      },
      "minecraft:entity_spawned": {
        "randomize": [
          {
            "weight": 70,
            "remove": {
            },
            "add": {
              "component_groups": [
                "minecraft:pig_adult"
              ]
            }
          },
          {
            "weight": 30,
            "remove": {
            },
            "add": {
              "component_groups": [
                "minecraft:pig_baby"
              ]
            }
          }
        ]
      },

      "minecraft:entity_born": {
        "remove": {
        },
        "add": {
          "component_groups": [
            "minecraft:pig_baby_tame"
          ]
        }
      },

      "minecraft:ageable_grow_up": {
        "remove": {
          "component_groups": [
            "minecraft:pig_baby"
          ]
        },
        "add": {
          "component_groups": [
            "minecraft:pig_adult"
          ]
        }
      },
      
      "minecraft:on_tame": {
        "remove": {
          "component_groups": [
            "minecraft:pig_adult"
          ]
        },
        "add": {
          "component_groups": [
            "minecraft:pig_tame"
          ]
        }
      },
      
      "minecraft:ageable_grow_up_tame": {
        "remove": {
          "component_groups": [
            "minecraft:pig_baby_tame"
          ]
        },
        "add": {
          "component_groups": [
            "minecraft:pig_tame"
          ]
        }
      },

      "minecraft:on_leash": {
        "add": {
          "component_groups": [
            "minecraft:pig_leashed"
          ]
        }
      },
      "minecraft:on_unleash": {
        "remove": {
          "component_groups": [
            "minecraft:pig_leashed"
          ]
        }
      }
    }
  }
}