{
  "tiers": [
    {
      "trades": [
        {
          "wants": [
            {
              "item": "minecraft:coal:0",
              "quantity": {
                "min": 15,
                "max": 24
              }
            }
          ],
          "gives": [
            {
              "item": "minecraft:emerald"
            }
          ]
        },
        {
          "wants": [
            {
              "item": "minecraft:emerald",
              "quantity": {
                "min": 1,
                "max": 3
              }
            }
          ],
          "gives": [
            {
              "item": "minecraft:stone_shovel"
            }
          ]
        },
        {
          "wants": [
            {
              "item": "minecraft:emerald",
              "quantity": {
                "min": 1,
                "max": 3
              }
            }
          ],
          "gives": [
            {
              "item": "minecraft:stone_pickaxe"
            }
          ]
        }		
      ]
    },
    {
      "trades": [
        {
          "wants": [
            {
              "item": "minecraft:iron_ingot",
              "quantity": {
                "min": 4,
                "max": 10
              }
            }
          ],
          "gives": [
            {
              "item": "minecraft:emerald"
            }
          ]
        },
        {
          "wants": [
            {
              "item": "minecraft:flint",
              "quantity": {
                "min": 30,
                "max": 34
              }
            }
          ],
          "gives": [
            {
              "item": "minecraft:emerald"
            }
          ]
        }
      ]
    },
    {
      "trades": [
        {
          "wants": [
            {
              "item": "minecraft:diamond",
              "quantity": {
                "min": 1,
                "max": 2
              }
            }
          ],
          "gives": [
            {
              "item": "minecraft:emerald"
            }
          ]
        },
        {
          "wants": [
            {
              "item": "minecraft:emerald",
              "quantity": {
                "min": 6,
                "max": 20
              }
            }
          ],
          "gives": [
            {
              "item": "minecraft:iron_axe",
              "functions": [
                {
                  "function": "enchant_with_levels",
                  "treasure": false,
                  "levels": {
                    "min": 5,
                    "max": 19
                  }
                }
              ]
            }
          ]
        },
        {
          "wants": [
            {
              "item": "minecraft:emerald",
              "quantity": {
                "min": 8,
                "max": 22
              }
            }
          ],
          "gives": [
            {
              "item": "minecraft:iron_pickaxe",
              "functions": [
                {
                  "function": "enchant_with_levels",
                  "treasure": false,
                  "levels": {
                    "min": 5,
                    "max": 19
                  }
                }
              ]
            }
          ]
        },
        {
          "wants": [
            {
              "item": "minecraft:emerald",
              "quantity": {
                "min": 7,
                "max": 21
              }
            }
          ],
          "gives": [
            {
              "item": "minecraft:iron_shovel",
              "functions": [
                {
                  "function": "enchant_with_levels",
                  "treasure": false,
                  "levels": {
                    "min": 5,
                    "max": 19
                  }
                }
              ]
            }
          ]
        }		
      ]
    },
    {
      "trades": [
        {
          "wants": [
            {
              "item": "minecraft:emerald",
              "quantity": {
                "min": 4,
                "max": 12
              }
            }
          ],
          "gives": [
            {
              "item": "minecraft:diamond_hoe"
            }
          ]
        },
        {
          "wants": [
            {
              "item": "minecraft:emerald",
              "quantity": {
                "min": 17,
                "max": 31
              }
            }
          ],
          "gives": [
            {
              "item": "minecraft:diamond_axe",
              "functions": [
                {
                  "function": "enchant_with_levels",
                  "treasure": false,
                  "levels": {
                    "min": 5,
                    "max": 19
                  }
                }
              ]
            }
          ]
        },
        {
          "wants": [
            {
              "item": "minecraft:emerald",
              "quantity": {
                "min": 18,
                "max": 32
              }
            }
          ],
          "gives": [
            {
              "item": "minecraft:diamond_pickaxe",
              "functions": [
                {
                  "function": "enchant_with_levels",
                  "treasure": false,
                  "levels": {
                    "min": 5,
                    "max": 19
                  }
                }
              ]
            }
          ]
        },
        {
          "wants": [
            {
              "item": "minecraft:emerald",
              "quantity": {
                "min": 10,
                "max": 24
              }
            }
          ],
          "gives": [
            {
              "item": "minecraft:diamond_shovel",
              "functions": [
                {
                  "function": "enchant_with_levels",
                  "treasure": false,
                  "levels": {
                    "min": 5,
                    "max": 19
                  }
                }
              ]
            }
          ]
        }		
      ]
    }	
  ]
}
