{
  "minecraft:entity": {
    "format_version": 0.1,

    "component_groups": {
      "minecraft:rideable_sheared": {
        "minecraft:rideable": {
          "seat_count": 1,
          "family_types": [
            "zombie"
          ],
          "seats": {
            "position": [0.0, 0.9, 0.0]
          }
        }
      },
      "minecraft:rideable_wooly": {
        "minecraft:rideable": {
          "seat_count": 1,
          "family_types": [
            "zombie"
          ],
          "seats": {
            "position": [0.0, 0.975, 0.0]
          }
        }
      },
      
      "minecraft:sheep_dyeable": {
        "minecraft:is_dyeable": {
          "interact_text": "action.interact.dye"
        }
      },
      "minecraft:sheep_sheared": {
        "minecraft:is_sheared": {
        }
      },
      "minecraft:sheep_leashed": {
        "minecraft:behavior.move_towards_restriction": {
          "priority": 2,
          "speed_multiplier": 1.0
        }
      },
      "minecraft:sheep_white": {
        "minecraft:color": {
          "value": 0
        }
      },
      "minecraft:sheep_orange": {
        "minecraft:color": {
          "value": 1
        }
      },
      "minecraft:sheep_magenta": {
        "minecraft:color": {
          "value": 2
        }
      },
      "minecraft:sheep_light_blue": {
        "minecraft:color": {
          "value": 3
        }
      },
      "minecraft:sheep_yellow": {
        "minecraft:color": {
          "value": 4
        }
      },
      "minecraft:sheep_lime": {
        "minecraft:color": {
          "value": 5
        }
      },
      "minecraft:sheep_pink": {
        "minecraft:color": {
          "value": 6
        }
      },
      "minecraft:sheep_gray": {
        "minecraft:color": {
          "value": 7
        }
      },
      "minecraft:sheep_light_gray": {
        "minecraft:color": {
          "value": 8
        }
      },
      "minecraft:sheep_cyan": {
        "minecraft:color": {
          "value": 9
        }
      },
      "minecraft:sheep_purple": {
        "minecraft:color": {
          "value": 10
        }
      },
      "minecraft:sheep_blue": {
        "minecraft:color": {
          "value": 11
        }
      },
      "minecraft:sheep_brown": {
        "minecraft:color": {
          "value": 12
        }
      },
      "minecraft:sheep_green": {
        "minecraft:color": {
          "value": 13
        }
      },
      "minecraft:sheep_red": {
        "minecraft:color": {
          "value": 14
        }
      },
      "minecraft:sheep_black": {
        "minecraft:color": {
          "value": 15
        }
      },

      "minecraft:sheep_baby": {
        "minecraft:behavior.panic": {
         "priority": 1,
         "speed_multiplier": 1.25
        },
        "minecraft:is_baby": {
        },
        "minecraft:scale": {
          "value": 0.5
        },
        "minecraft:ageable": {
          "duration": 1200,
          "feedItems": "wheat",
          "grow_up": {
            "event": "minecraft:ageable_grow_up",
            "target": "self"
          }
        },
        "minecraft:behavior.follow_parent": {
          "priority": 6,
          "speed_multiplier": 1.1
        }
      },

      "minecraft:sheep_adult": {
        "minecraft:interact": [
        {
            "on_interact": {
          "filters": {
            "other_with_item": "brown_mushroom",
            "with_components": "minecraft:effect.strength"
          },
          "event": "enlarge",
          "target": "self"
        },
        "use_item": "true",
        "interact_text": "Bless"
        },
        {
            "on_interact": {
          "filters": {
            "other_with_item": "red_mushroom",
            "with_components": "minecraft:effect.weakness"
          },
          "event": "smalled",
          "target": "self"
        },
        "use_item": "true",
        "interact_text": "Curse"
        }
        ],
        "minecraft:loot": {
          "table": "loot_tables/entities/sheep.json"
        },
        "minecraft:behavior.panic": {
          "priority": 1,
          "speed_multiplier": 1.25
        },
        "minecraft:behavior.breed": {
          "priority": 3,
          "speed_multiplier": 1.0
        },
        "minecraft:breedable": {
          "requireTame": false,
          "breedsWith": {
            "mateType": "minecraft:sheep",
            "babyType": "minecraft:sheep"
          },
          "breedItems": "wheat"
        }
      },
      "sheep_large": {
        "minecraft:behavior.panic": {
          "priority": 1,
          "speed_multiplier": 1.25
        },
        "minecraft:color": {
          "value": 3
        },
        "minecraft:health": {
         "value": 20,
         "max": 20
        },
        "minecraft:scale": { "value": 1.5 },
         "minecraft:loot": {
          "table": "loot_tables/entities/sheep_large.json"
        }
      },

      "sheep_sacrifice": {
        "minecraft:interact": [
         {
          "on_interact": {
            "filters": {
              "other_with_item": "coal",
              "with_components": [ "minecraft:effect.strength", "minecraft:effect.weakness" ] 
            },
            "event": "sacrifice",
            "target": "self"
          },
          "use_item": "true",
          "interact_text": "Sacrifice"
         }
       ]
      },

      "sheep_troll": {
        "minecraft:movement": {
        "value": 0.35,
        "max": 0.35
         },
        "minecraft:health": {
         "value": 60,
         "max": 60
        },
        "minecraft:scale": { "value": 3.0 },
        "minecraft:color": {
          "value": 15
        },
        "minecraft:loot": {
          "table": "loot_tables/entities/sheep_troll.json"
        },
        "minecraft:shooter": {
          "type": "fireball",
          "def": "minecraft:fireball"
        },
        "minecraft:fire_immune": true,
        "minecraft:fall_damage": {
          "value": 0.0
        },
        "minecraft:behavior.ranged_attack": {
        "attack_interval_min": 1,
        "attack_interval_max": 3,
        "charge_charged_trigger": 1.0,
        "charge_shoot_trigger": 1.0,
        "attack_radius": 64,
        "burst_shots": 5,
        "burst_interval": 0.2
      },
        "minecraft:behavior.nearest_attackable_target": {
          "priority": 2,
          "entity_types": [
            {
              "filters": { "other_without_families": "squid" },
              "max_dist": 64
            }
          ],
          "must_see": true
        }
      },

      "sheep_small": {
        "minecraft:behavior.panic": {
          "priority": 1,
          "speed_multiplier": 1.25
        },
        "minecraft:color": {
          "value": 14
        },
        "minecraft:is_baby": {
        },
        "minecraft:scale": { "value": 0.5 },
         "minecraft:loot": {
          "table": "loot_tables/entities/sheep_small.json"
        }
      },

      "sheep_untamed": {
        "minecraft:tameable": {
          "probability": 0.5,
          "tameItems": "tile.hay_block",
          "tame_event": {
            "event": "on_tame",
            "target": "self"
          }
        }
      },

      "sheep_tamed": {
        "minecraft:is_tamed": {
        },
        "minecraft:behavior.follow_owner": {
          "priority": 6,
          "speed_multiplier": 1.1,
          "start_distance": 5,
          "stop_distance": 2
        },
        "minecraft:health": {
        "value": 15,
        "max": 15
        }
      },

      "non-familiar": {
        "minecraft:interact": [
        {
            "on_interact": {
          "filters": {
            "other_with_item": "appleEnchanted"
          },
          "event": "transformation_1",
          "target": "self"
        },
        "use_item": "true",
        "interact_text": "Soul Enchance"
        }
       ]
      },

      
      "sheep_familiar": {
        "minecraft:health": {
          "value": 40,
          "max": 40
        },
        "minecraft:color": {
          "value": 4
        },
        "minecraft:is_baby": { },
        "minecraft:scale": { "value": 0.5 },
        "minecraft:behavior.owner_hurt_by_target": {
          "priority": 1
        },
        "minecraft:behavior.owner_hurt_target": {
          "priority": 2
        },
        "minecraft:behavior.nearest_attackable_target": {
          "priority": 5,
          "attack_interval": 2,
          "entity_types": [
            {
              "filters": { "other_with_families": "monster" },
              "max_dist": 16
            }
          ],
          "must_see": true
        },
        "minecraft:loot": {
          "table": "loot_tables/entities/sheep_familiar.json"
        },
        "minecraft:rideable": {
          "seat_count": 1,
          "family_types": [
            "familiar"
          ],
          "seats": {
            "position": [0.0, 1.1, 0.1],
            
            "rotate_rider_by": -90,
            "lock_rider_rotation": 90
          }
        }
      },


      "transformation_1": {
        "minecraft:scale": { "value": 2.0 },
        "minecraft:color": {
          "value": 14
        },
        "minecraft:timer": {
                "time": [2],
                "looping": false,
                "time_down_event": {
                    "event": "transformation_2",
                    "target": "self"
                }
        }
      },
      "transformation_2": {
        "minecraft:scale": { "value": 1.7 },
        "minecraft:color": {
          "value": 10
        },
        "minecraft:timer": {
                "time": [2],
                "looping": false,
                "time_down_event": {
                    "event": "transformation_3",
                    "target": "self"
                }
        }
      },
      "transformation_3": {
        "minecraft:scale": { "value": 1.4 },
        "minecraft:color": {
          "value": 11
        },
        "minecraft:timer": {
                "time": [2],
                "looping": false,
                "time_down_event": {
                    "event": "transformation_4",
                    "target": "self"
                }
        }
      },
      "transformation_4": {
        "minecraft:scale": { "value": 1.1 },
        "minecraft:color": {
          "value": 3
        },
        "minecraft:timer": {
                "time": [2],
                "looping": false,
                "time_down_event": {
                    "event": "transformation_5",
                    "target": "self"
                }
        }
      },
      "transformation_5": {
        "minecraft:scale": { "value": 0.8 },
        "minecraft:color": {
          "value": 9
        },
        "minecraft:timer": {
                "time": [2],
                "looping": false,
                "time_down_event": {
                    "event": "familiarize",
                    "target": "self"
                }
        }
      },
      "sheep_unsaddled": {
        "minecraft:interact": [
          {
            "on_interact": {
              "filters": {
                "other_with_item": "saddle"
              },
              "event": "on_saddled"
            },
            "use_item": true,
            "play_sounds": "saddle",
            "interact_text": "action.interact.saddle"
          },
          {
          "on_interact": {
            "filters": {
              "other_with_item": "ghast_tear"
            },
            "event": "curse",
            "target": "self"
          },
          "use_item": "true",
          "interact_text": "Curse"
         }
        ]
      }, 

      "sheep_saddled": {
        "minecraft:movement": {
        "value": 0.4,
        "max": 0.5
         },
        "minecraft:is_saddled": {
        },
        "minecraft:loot": {
          "table": "loot_tables/entities/sheep_saddled.json"
        },
        "minecraft:boostable": {
          "speed_multiplier": 3.0,
          "duration": 5.0,
          "boost_items": [
            {
              "item": "golden_hoe",
              "item_damage": 2,
              "replaceItem": "stick"
            },
            {
              "item": "diamond_hoe",
              "item_damage": 1,
              "replaceItem": "stick"
            }
          ]
        },

        "minecraft:rideable": {
          "seat_count": 1,
          "interact_text": "action.interact.mount",
          "seats": {
            "position": [0.0, 1.1, 0.0]
          }        
        },
        "minecraft:item_controllable": {
          "control_items": [ "golden_hoe", "wooden_hoe", "iron_hoe", "diamond_hoe" ]
        },
        "minecraft:behavior.controlled_by_player": {
          "priority": 0
        }
      }
    },


    "components": {
      "minecraft:identifier": {
        "id": "minecraft:sheep"
      },
      "minecraft:type_family": {
        "family": [ "sheep" ]
      },
      "minecraft:breathable": {
        "totalSupply": 15,
        "suffocateTime": 0
      },
      "minecraft:collision_box": {
        "width": 0.9,
        "height": 1.3
      },
      "minecraft:nameable": {
      },
      "minecraft:health": {
        "value": 8,
        "max": 8
      },
      "minecraft:movement": {
        "value": 0.25,
        "max": 0.5
      },
      "minecraft:attack": {
        "damage": 15,
        "effect_name": "weakness",
        "effect_duration": 5
      },
      "minecraft:interact": [
        {
          "cooldown": 2.5,
          "use_item": false,
          "hurt_item": 1,
          "spawn_items": { "table": "loot_tables/entities/sheep_shear.json" },
          "play_sounds": "shear",
          "interact_text": "action.interact.shear",
          "on_interact": {
            "filters": {
              "other_with_item": "shears",
              "other_with_families": "player",
              "with_components": "minecraft:is_dyeable",
              "without_components": "minecraft:is_baby"
            },
            "event": "minecraft:on_sheared",
            "target": "self"
          }
        }
      ],
      "minecraft:leashable": {
        "soft_distance": 4.0,
        "hard_distance": 6.0,
        "max_distance": 10.0,
        "on_leash": {
          "event": "minecraft:on_leash",
          "target": "self"
        },
        "on_unleash": {
          "event": "minecraft:on_unleash",
          "target": "self"
        }
      },

      "minecraft:behavior.leap_at_target": {
        "priority": 4,
        "target_dist": 0.4
      },
      "minecraft:behavior.melee_attack": {
        "priority": 5,
        "target_dist": 1.2,
        "track_target": true,
        "reach_multiplier": 1.0
      },

      "minecraft:behavior.float": {
        "priority": 0
      },
      "minecraft:behavior.mount_pathing": {
        "priority": 2,
        "speed_multiplier": 1.5,
        "target_dist": 0.0,
        "track_target": true
      },
      "minecraft:behavior.tempt": {
        "priority": 4,
        "speed_multiplier": 1.25,
        "items": [
          "wheat"
        ]
      },
      "minecraft:behavior.follow_parent": {
        "priority": 5,
        "speed_multiplier": 1.1
      },
      "minecraft:behavior.eat_block": {
        "priority": 6,
        "on_eat": {
          "event": "minecraft:on_eat_block",
          "target": "self"
        }
      },
      "minecraft:behavior.random_stroll": {
        "priority": 7,
        "speed_multiplier": 0.8
      },
      "minecraft:behavior.look_at_player": {
        "priority": 8,
        "look_distance": 6.0,
        "probability": 0.02
      },
      "minecraft:behavior.random_look_around": {
        "priority": 9
      }
    },
    "events": {
      "minecraft:entity_spawned": {
        "sequence": [
          {
            "randomize": [
              {
                "weight": 95,
                "remove": {
                },
                "add": {
                  "component_groups": [
                    "minecraft:sheep_adult",
                    "minecraft:sheep_dyeable",
                    "minecraft:rideable_wooly"
                  ]
                }
              },
              {
                "weight": 5,
                "remove": {
                },
                "add": {
                  "component_groups": [
                    "minecraft:sheep_baby",
                    "minecraft:sheep_dyeable",
                    "rideable_sheared"
                  ]

                }
              }
            ]
          },
          {
            "randomize": [
             {
                "weight": 6250,
                "add": {
                  "component_groups": [
                    "minecraft:sheep_white"
                  ]
                }
              },
              {
                "weight": 6250,
                "add": {
                  "component_groups": [
                    "minecraft:sheep_orange"
                  ]
                }
              },
              {
                "weight": 6250,
                "add": {
                  "component_groups": [
                    "minecraft:sheep_magenta"
                  ]
                }
              },
              {
                "weight": 6250,
                "add": {
                  "component_groups": [
                    "minecraft:sheep_light_blue"
                  ]
                }
              },
              {
                "weight": 6250,
                "add": {
                  "component_groups": [
                    "minecraft:sheep_yellow"
                  ]
                }
              },
              {
                "weight": 6250,
                "add": {
                  "component_groups": [
                    "minecraft:sheep_lime"
                  ]
                }
              },
              {
                "weight": 6250,
                "add": {
                  "component_groups": [
                    "minecraft:sheep_pink"
                  ]
                }
              },
              {
                "weight": 6250,
                "add": {
                  "component_groups": [
                    "minecraft:sheep_gray"
                  ]
                }
              },
              {
                "weight": 6250,
                "add": {
                  "component_groups": [
                    "minecraft:sheep_light_gray"
                  ]
                }
              },
              {
                "weight": 6250,
                "add": {
                  "component_groups": [
                    "minecraft:sheep_cyan"
                  ]
                }
              },
              {
                "weight": 6250,
                "add": {
                  "component_groups": [
                    "minecraft:sheep_purple"
                  ]
                }
              },
              {
                "weight": 6250,
                "add": {
                  "component_groups": [
                    "minecraft:sheep_blue"
                  ]
                }
              },
              {
                "weight": 6250,
                "add": {
                  "component_groups": [
                    "minecraft:sheep_brown"
                  ]
                }
              },
              {
                "weight": 6250,
                "add": {
                  "component_groups": [
                    "minecraft:sheep_green"
                  ]
                }
              },
              {
                "weight": 6250,
                "add": {
                  "component_groups": [
                    "minecraft:sheep_red"
                  ]
                }
              },
              {
                "weight": 6250,
                "add": {
                  "component_groups": [
                    "minecraft:sheep_black"
                  ]
                }
              }
            ]
          }
        ]
      },

      "minecraft:entity_born": {
        "remove": {
        },
        "add": {
          "component_groups": [
            "minecraft:sheep_baby",
            "minecraft:sheep_dyeable",
            "minecraft:rideable_sheared"
          ]
        }
      },

      "minecraft:ageable_grow_up": {
        "remove": {
          "component_groups": [
            "minecraft:sheep_baby"
          ]
        },
        "add": {
          "component_groups": [
            "minecraft:sheep_adult",
            "minecraft:rideable_wooly"
          ]
        }
      },
      "minecraft:on_sheared": {
        "remove": {
          "component_groups": [
            "minecraft:sheep_dyeable"
          ]
        },
        "add": {
          "component_groups": [
            "minecraft:sheep_sheared",
            "minecraft:rideable_sheared"
          ]
        }
      },
      "minecraft:on_eat_block": {
        "sequence":[
          {
            "remove": {
              "component_groups": [
                "minecraft:sheep_sheared"
              ]
            },
            "add": {
              "component_groups": [
                "minecraft:sheep_dyeable"
              ]
            }
          },
          {
            "filters": { "without_components": "minecraft:is_baby" },
            "add": {
              "component_groups": [
                "minecraft:rideable_wooly"
              ]
            }
          }
        ]
      },
      "minecraft:on_leash": {
        "add": {
          "component_groups": [
            "minecraft:sheep_leashed"
          ]
        }
      },
      "minecraft:on_unleash": {
        "remove": {
          "component_groups": [
            "minecraft:sheep_leashed"
          ]
        }
      },
      "enlarge": {
        "remove": {
          "component_groups": [
            "minecraft:sheep_adult"
          ]
        },
        "add": {
          "component_groups": [
            "sheep_unsaddled",
            "sheep_large"
          ]
        }
      },
      "smalled": {
        "remove": {
          "component_groups": [
            "minecraft:sheep_adult"
          ]
        },
        "add": {
          "component_groups": [
            "sheep_small",
            "sheep_untamed"
          ]
        }
      },
      "curse": {
        "remove": {
          "component_groups": [
            "minecraft:sheep_dyeable",
            "sheep_unsaddled"
          ]
        },
        "add": {
          "component_groups": [
            "sheep_sacrifice"
          ]
        }
      },
      "sacrifice": {
        "remove": {
          "component_groups": [
            "sheep_adult",
            "sheep_sacrifice"
          ]
        },
        "add": {
          "component_groups": [
            "sheep_troll"
          ]
        }
      },
      "on_saddled": {
        "remove": {
          "component_groups": [
            "sheep_unsaddled"
          ]
        },
        "add": {
          "component_groups": [
            "sheep_saddled"
          ]
        }
      },
      "on_tame": {
        "remove": {
          "component_groups": [
            "sheep_untamed"
          ]
        },
        "add": {
          "component_groups": [
            "sheep_tamed",
            "non-familiar"
          ]
        }
      },
      "transformation_1": {
        "remove": {
          "component_groups": [
            "non-familiar",
            "sheep_small"
          ]
        },
        "add": {
          "component_groups": [
            "transformation_1"
          ]
        }
      },
      "transformation_2": {
        "remove": {
          "component_groups": [
            "transformation_1"
          ]
        },
        "add": {
          "component_groups": [
            "transformation_2"
          ]
        }
      },
      "transformation_3": {
        "remove": {
          "component_groups": [
            "transformation_2"
          ]
        },
        "add": {
          "component_groups": [
            "transformation_3"
          ]
        }
      },
      "transformation_4": {
        "remove": {
          "component_groups": [
            "transformation_3"
          ]
        },
        "add": {
          "component_groups": [
            "transformation_4"
          ]
        }
      },
      "transformation_5": {
        "remove": {
          "component_groups": [
            "transformation_4"
          ]
        },
        "add": {
          "component_groups": [
            "transformation_5"
          ]
        }
      },
      "familiarize": {
        "remove": {
          "component_groups": [
            "transformation_5"
          ]
        },
        "add": {
          "component_groups": [
            "sheep_familiar"
          ]
        }
      }
    }
  }
}
