{
  "tiers": [
    {
      "trades": [
        {
          "wants": [
            {
              "item": "minecraft:bucket:8",
              "quantity": 1
            }
          ],
          "gives": [
            {
              "item": "minecraft:emerald",
              "quantity": 2
            }
          ]
        },
        {
          "wants": [
            {
              "item": "minecraft:hay_block",
              "quantity": 1
            }
          ],
          "gives": [
            {
              "item": "minecraft:emerald",
              "quantity": 3
            }
          ]
        },                 
        {
          "wants": [
            {
              "item": "minecraft:emerald",
              "quantity": 3
            }
          ],
          "gives": [
           {
              "item": "minecraft:sapling",
              "functions": [
                {
                  "function": "random_aux_value",
                  "values": {
                    "min": 0,
                    "max": 2
                  }
                }
              ]               
           }
          ]
        },
        {
          "wants": [
            {
              "item": "minecraft:emerald",
              "quantity": 2             
            }
          ],
          "gives": [
            {
              "item": "minecraft:cactus",
              "quantity": 1
            }
          ]
        },        
        {
          "wants": [
            {
              "item": "minecraft:emerald",
              "quantity": 3
            }
          ],
          "gives": [
            {
              "item": "minecraft:sapling",
              "functions": [
                {
                  "function": "random_aux_value",
                  "values": {
                    "min": 3,
                    "max": 5
                  }
                }
              ]               
            }
          ]
        },
        {
          "wants": [
            {
              "item": "minecraft:emerald",
              "quantity": 1
            }
          ],
          "gives": [
            {
               "item": "minecraft:dye",
                "functions": [
              {
                "function": "random_aux_value",
                "values": {
                  "min": 0,
                  "max": 15
                }
              }
            ]               
            }
          ]
        },
        {
          "wants": [
            {
              "item": "minecraft:emerald",
              "quantity": {
                "min": 4,
                "max": 7
              }
            }
          ],
          "gives": [
            {
              "item": "minecraft:iron_pickaxe",
              "functions": [
                {
                  "function": "enchant_with_levels",
                  "treasure": false,
                  "levels": {
                    "min": 5,
                    "max": 19
                  }
                }
              ]
            }
          ]
        },        
        {
          "wants": [
            {
              "item": "minecraft:emerald",
              "quantity": 2              
            }
          ],
          "gives": [
            {
              "item": "minecraft:slime_ball",
              "quantity": 2
            }
          ]
        },
        {
          "wants": [
            {
              "item": "minecraft:emerald",
              "quantity": 1
            }
          ],
          "gives": [
            {
               "item": "minecraft:red_flower",
                "functions": [
              {
                "function": "random_aux_value",
                "values": {
                  "min": 0,
                  "max": 3
                }
              }
            ]               
            }
          ]
        },
        {
          "wants": [
            {
              "item": "minecraft:emerald",
              "quantity": 1
            }
          ],
          "gives": [
            {
               "item": "minecraft:melon_seeds"              
            }
          ]
        },        
        {
          "wants": [
            {
              "item": "minecraft:emerald",
              "quantity": 1
            }
          ],
          "gives": [
            {
               "item": "minecraft:red_flower",
                "functions": [
              {
                "function": "random_aux_value",
                "values": {
                  "min": 4,
                  "max": 8
                }
              }
            ]               
            }
          ]
        },
        {
          "wants": [
            {
              "item": "minecraft:emerald",
              "quantity": 2
            }
          ],
          "gives": [
           {
              "item": "minecraft:log",
              "functions": [
                {
                  "function": "random_aux_value",
                  "values": {
                    "min": 0,
                    "max": 3
                  }
                }
              ]               
           }
          ]
        },        
        {
          "wants": [
            {
              "item": "minecraft:emerald",
              "quantity": 1
            }
          ],
          "gives": [
            {
               "item": "minecraft:gunpowder"              
            }
          ]
        }                       
      ]
    }
  ]
}
