{
   "pools": [
     {
		"rolls": {
			"min": 0,
			"max": 1
		},
       "entries": [
		{
			"type": "item",
			"name": "minecraft:iron_sword",
			"weight": 5,
			"functions": [
				{
					"function": "set_damage",
					"damage": {
						"min": 0,
						"max": 0.90
					}
				},
				{
					"function": "set_count",
					"count": {
						"min": 0,
						"max": 1
					}
				},
				{
					"function": "looting_enchant",
					"count": {
						"min": 0,
						"max": 1
					}
				}				
			]
		},
      ]
     }
   ]
 } 