{
  "pools": [
	{
	"rolls": 1,
	"entries": [
		{
			"type": "item",
			"name": "minecraft:emerald",
			"weight": 100,
			"functions": [
				{
					"function": "set_count",
					"count": {
						"min": 0,
						"max": 1
					}
				},
				{
					"function": "looting_enchant",
					"count": {
						"min": 0,
						"max": 3
					}
				}
			]
		}
	  ]
	},  
    {
	  "conditions": [
		{
		  "condition": "random_difficulty_chance",
		  "default_chance": 0.50,
		  "peaceful": 0,
		  "hard": 0.7
		}
	  ],		
		"rolls": {
			"min": 0,
			"max": 1
		},
		"entries": [
			{
			"type": "item",
			"name": "minecraft:iron_boots",
			"weight": 7,
			"functions": [
			{
			  "function": "enchant_random_gear",
			  "chance": 0.30
			},
			{
				"function": "set_damage",
				"damage": {
					"min": 0,
					"max": 0.90
				}
			}
		  ]
		},
		{
			"type": "item",
			"name": "minecraft:iron_leggings",
			"weight": 3,
			"functions": [
			{
			  "function": "enchant_random_gear",
			  "chance": 0.30
			},
			{
				"function": "set_damage",
				"damage": {
					"min": 0,
					"max": 0.90
				}
			}
		  ]
		},
			{
			"type": "item",
			"name": "minecraft:iron_chestplate",
			"weight": 4,
			"functions": [
			{
			  "function": "enchant_random_gear",
			  "chance": 0.30
			},
			{
				"function": "set_damage",
				"damage": {
					"min": 0,
					"max": 0.90
				}
			}
		  ]
		},
			{
			"type": "item",
			"name": "minecraft:iron_helmet",
			"weight": 6,
			"functions": [
			{
			  "function": "enchant_random_gear",
			  "chance": 0.30
			},
			{
				"function": "set_damage",
				"damage": {
					"min": 0,
					"max": 0.90
				}
			}
		  ]
		},		
        {
          "type": "item",
          "name": "minecraft:book",
          "weight": 4,
          "functions": [
            {
              "function": "enchant_randomly"
            },
			{
				"function": "set_count",
				"count": {
					"min": 0,
					"max": 1
				}
			},			
          ]
        }		
	  ]
	},
	{
	  "conditions": [
		{
		  "condition": "random_difficulty_chance",
		  "default_chance": 0.65,
		  "peaceful": 0,
		  "hard": 0.8
		}
	  ],		
	"rolls": {
		"min": 0,
		"max": 1
	},
	"entries": [
        {
          "type": "item",
          "name": "minecraft:iron_sword",
          "weight": 10,
          "functions": [
			{
			  "function": "enchant_random_gear",
			  "chance": 0.50
			},
			{
				"function": "set_damage",
				"damage": {
					"min": 0,
					"max": 0.90
				}
			}
          ]
        },
        {
          "type": "item",
          "name": "minecraft:iron_axe",
          "weight": 9,
          "functions": [
			{
			  "function": "enchant_random_gear",
			  "chance": 0.50
			},
			{
				"function": "set_damage",
				"damage": {
					"min": 0,
					"max": 0.90
				}
			}
          ]
        }
	  ]
	}		
  ]
}