{
  "biomes": {
    "default": {
      "water_surface_color": "#497cb3",
	  "water_surface_transparency": 0.60,
      "water_fog_color": "#3d6da1",
      "water_fog_distance": 15
    },
    "plains": {
      "water_surface_color": "#487bb2",
      "water_fog_color": "#4172a7"
    },
    "sunflower_plains": {
      "water_surface_color": "#497cb3",
      "water_fog_color": "#4172a7"
    },
    "desert": {
      "water_surface_color": "#4e84b8",
      "water_fog_color": "#467aac"
    },
    "extreme_hills": {
      "water_surface_color": "#4e84b8",
      "water_fog_color": "#467aac"
    },
    "forest": {
      "water_surface_color": "#4a7eb4",
      "water_fog_color": "#4375a8"
    },
    "flower_forest": {
      "water_surface_color": "#487bb2",
      "water_fog_color": "#3e6fa3"
    },
    "taiga": {
      "water_surface_color": "#3e69a7",
      "water_fog_color": "#355e9a"
    },
    "taiga_mutated": {
      "water_surface_color": "#3e69a7",
      "water_fog_color": "#355e9a"
    },
    "swampland": {
      "water_surface_color": "#377782",
      "water_surface_transparency": 1.0,
      "water_fog_color": "#306a74",
      "water_fog_distance": 8
    },
    "swampland_mutated": {
      "water_surface_color": "#376d68",
      "water_surface_transparency": 1.0,
      "water_fog_color": "#305f5b",
      "water_fog_distance": 8
    },
    "river": {
      "water_surface_color": "#4f86b9",
      "water_fog_color": "#487cac",
      "water_fog_distance": 30
    },
    "hell": {
      "water_surface_color": "#4d83b7",
      "water_fog_color": "#4579aa"
    },
    "the_end": {
      "water_surface_color": "#5997c3",
      "water_fog_color": "#4f8bb6"
    },
    "frozen_river": {
      "water_surface_color": "#406ca9",
      "water_fog_color": "#3a639b",
      "water_fog_distance": 20
    },
    "ice_plains": {
      "water_surface_color": "#4677af",
      "water_fog_color": "#3e6ca0"
    },
    "ice_plains_spikes": {
      "water_surface_color": "#4677af",
      "water_fog_color": "#3e6ca0"
    },
    "ice_mountains": {
      "water_surface_color": "#497cb2",
      "water_fog_color": "#4271a3"
    },
    "mushroom_island": {
      "water_surface_color": "#62a7cd",
      "water_fog_color": "#5a9bbf"
    },
    "mushroom_island_shore": {
      "water_surface_color": "#5e9fc8",
      "water_fog_color": "#5895bb"
    },
    "beach": {
      "water_surface_color": "#4a7eb4",
      "water_fog_color": "#4474a5",
      "water_fog_distance": 60
    },
    "desert_hills": {
      "water_surface_color": "#4e85b8",
      "water_fog_color": "#477baa"
    },
    "forest_hills": {
      "water_surface_color": "#497cb3",
      "water_fog_color": "#4170a3"
    },
    "taiga_hills": {
      "water_surface_color": "#3c66a5",
      "water_fog_color": "#385f99"
    },
    "extreme_hills_edge": {
      "water_surface_color": "#5088ba",
      "water_fog_color": "#4a7dab"
    },
    "jungle": {
      "water_surface_color": "#4c81b6",
      "water_fog_color": "#4576a8"
    },
    "jungle_mutated": {
      "water_surface_color": "#4c81b6",
      "water_fog_color": "#4576a8"
    },
    "jungle_hills": {
      "water_surface_color": "#4e84b8",
      "water_fog_color": "#4678a8"
    },
    "jungle_edge": {
      "water_surface_color": "#4c81b6",
      "water_fog_color": "#4475a6"
    },
    "stone_beach": {
      "water_surface_color": "#4d83b7",
      "water_fog_color": "#4779a9"
    },
    "cold_beach": {
      "water_surface_color": "#4e84b8",
      "water_fog_color": "#4678a8"
    },
    "birch_forest": {
      "water_surface_color": "#487bb2",
      "water_fog_color": "#4271a4"
    },
    "birch_forest_hills": {
      "water_surface_color": "#487ab1",
      "water_fog_color": "#416fa3"
    },
    "roofed_forest": {
      "water_surface_color": "#4677af",
      "water_fog_color": "#3f6da1"
    },
    "cold_taiga": {
      "water_surface_color": "#3b64a4",
      "water_fog_color": "#355b97"
    },
    "cold_taiga_mutated": {
      "water_surface_color": "#3b64a4",
      "water_fog_color": "#355b97"
    },
    "cold_taiga_hills": {
      "water_surface_color": "#3960a1",
      "water_fog_color": "#335792"
    },
    "mega_taiga": {
      "water_surface_color": "#3c65a4",
      "water_fog_color": "#355b97"
    },
    "mega_spruce_taiga": {
      "water_surface_color": "#3c65a4",
      "water_fog_color": "#355b97"
    },
    "mega_taiga_hills": {
      "water_surface_color": "#3a63a3",
      "water_fog_color": "#335995"
    },
    "extreme_hills_plus_trees": {
      "water_surface_color": "#4b7fb5",
      "water_fog_color": "#4374a6"
    },
    "extreme_hills_plus_trees_mutated": {
      "water_surface_color": "#4b7fb5",
      "water_fog_color": "#4374a6"
    },
    "extreme_hills_mutated": {
      "water_surface_color": "#4b7fb5",
      "water_fog_color": "#4374a6"
    },
    "savanna": {
      "water_surface_color": "#497cb3",
      "water_fog_color": "#4272a6"
    },
    "savanna_plateau": {
      "water_surface_color": "#497cb2",
      "water_fog_color": "#4271a3"
    },
    "mesa": {
      "water_surface_color": "#4c80b5",
      "water_fog_color": "#4475a6"
    },
    "mesa_bryce": {
      "water_surface_color": "#4b7fb5",
      "water_fog_color": "#4575a6"
    },
    "mesa_plateau_stone": {
      "water_surface_color": "#4474ad",
      "water_fog_color": "#3e6ba0"
    },
    "mesa_plateau": {
      "water_surface_color": "#4576af",
      "water_fog_color": "#4576af"
    },
    "ocean": {
      "water_surface_color": "#4474ad",
      "water_fog_color": "#3e6a9f",
      "water_fog_distance": 60
    },
    "deep_ocean": {
      "water_surface_color": "#4271ac",
      "water_fog_color": "#3b669b",
      "water_fog_distance": 60
    },
    "warm_ocean": {
      "water_surface_color": "#4b7fb5",
      "water_surface_transparency": 0.55,
      "water_fog_color": "#4475a7",
      "water_fog_distance": 60
    },
    "deep_warm_ocean": {
      "water_surface_color": "#497cb3",
      "water_surface_transparency": 0.55,
      "water_fog_color": "#4271a4",
      "water_fog_distance": 60
    },
    "lukewarm_ocean": {
      "water_surface_color": "#487ab1",
      "water_fog_color": "#416fa1",
      "water_fog_distance": 60
    },
    "deep_lukewarm_ocean": {
      "water_surface_color": "#4677af",
      "water_fog_color": "#406c9f",
      "water_fog_distance": 60
    },
    "cold_ocean": {
      "water_surface_color": "#4c80b5",
      "water_fog_color": "#4575a7",
      "water_fog_distance": 60
    },
    "deep_cold_ocean": {
      "water_surface_color": "#497cb3",
      "water_fog_color": "#4170a3",
      "water_fog_distance": 60
    },
    "frozen_ocean": {
      "water_surface_color": "#487bb2",
      "water_fog_color": "#4170a2",
      "water_fog_distance": 60
    },
    "deep_frozen_ocean": {
      "water_surface_color": "#4677af",
      "water_fog_color": "#3f6ca0",
      "water_fog_distance": 60
    }
  }
}

