{
  "minecraft:entity": {
    "format_version": "1.1.0",

    "component_groups": {
      "minecraft:exploding": {
        "minecraft:explode": {
          "fuseLength": 1.5,
          "fuseLit": true,
          "power": 0,
          "causesFire": false,
          "destroyAffectedByGriefing": false
        }
      },
      "minecraft:hunting": {
      },
      "minecraft:charged_creeper": {
        "minecraft:is_charged": {
        }
      },
      "minecraft:charged_exploding": {
        "minecraft:explode": {
          "fuseLength": 1.5,
          "fuseLit": true,
          "power": 0,
          "causesFire": false,
          "destroyAffectedByGriefing": false
        }
      }
    },

    "components": {
      "minecraft:identifier": {
        "id": "minecraft:creeper"
      },

      "minecraft:type_family": {
        "family": [ "creeper", "monster" ]
      },
      "minecraft:breathable": {
        "totalSupply": 15,
        "suffocateTime": 0
      },
      "minecraft:nameable": {
      },
      "minecraft:collision_box": {
        "width": 0.6,
        "height": 1.8
      },

      "minecraft:movement": {
        "value": 0.2
      },
      "minecraft:navigation.walk": {
        "can_float": true
      },
      "minecraft:movement.basic": {
        
      },
      "minecraft:jump.static": {
      },
      "minecraft:can_climb": {
      },
      "minecraft:loot": {
        "table": "loot_tables/entities/creeper.json"
      },

      "minecraft:health": {
        "value": 20,
        "max": 20
      },
      "minecraft:attack": {
        "damage": 0
      },

      "minecraft:damage_sensor": [
        {
          "on_damage": {
            "filters": { "other_with_families": "lightning" },
            "event": "minecraft:become_charged"
          },
          "deals_damage": false
        }
      ],

      "minecraft:interact": {
        "on_interact": {
          "filters": {
            "other_with_item": "flint_and_steel",
            "other_with_families": "player",
            "without_components": "minecraft:explode"
          },
          "event": "minecraft:start_exploding",
          "target": "self"
        },
        "hurt_item": 1,
        "swing": true,
        "play_sounds": "ignite",
        "interact_text": "action.interact.creeper"
      },
      "minecraft:behavior.float": {
        "priority": 0
      },
      "minecraft:behavior.swell": {
        "start_distance": 2.0,
        "stop_distance": 6.0,
        "priority": 2
      },
      "minecraft:behavior.melee_attack": {
        "priority": 4,
        "speed_multiplier": 1.25,
        "track_target": false
      },
      "minecraft:behavior.avoid_mob_type": {
        "priority": 3,
        "entity_types": [
          {
            "filters": { "other_with_families": "ocelot" },
            "max_dist": 6,
            "walk_speed_multiplier": 1,
            "sprint_speed_multiplier": 1.2
          }
        ]
      },
      "minecraft:behavior.random_stroll": {
        "priority": 5,
        "speed_multiplier": 1
      },
      "minecraft:behavior.look_at_player": {
        "priority": 6,
        "look_distance": 8
      },
      "minecraft:behavior.random_look_around": {
        "priority": 6
      },
      "minecraft:behavior.nearest_attackable_target": {
        "priority": 1,
        "entity_types": [
          {
            "filters": { "other_with_families": "player" },
            "max_dist": 16
          }
        ],
        "must_see": true,
        "must_see_forget_duration": 0.0
      },
      "minecraft:behavior.hurt_by_target": {
        "priority": 2
      }
    },

    "events": {
      "minecraft:start_exploding": {
        "sequence": [
          {
            "filters": {
              "without_components": [ "minecraft:is_charged" ]
            },
            "remove": {
              "component_groups": [
                "minecraft:hunting"
              ]
            },
            "add": {
              "component_groups": [
                "minecraft:exploding"
              ]
            }
          },
          {
            "filters": {
              "with_components": [ "minecraft:is_charged" ]
            },
            "remove": {
              "component_groups": [
                "minecraft:hunting"
              ]
            },
            "add": {
              "component_groups": [
                "minecraft:charged_exploding"
              ]
            }
          }
        ]
      },
      "minecraft:stop_exploding": {
        "remove": {
          "component_groups": [
            "minecraft:exploding"
          ]
        },
        "add": {
          "component_groups": [
            "minecraft:hunting"
          ]
        }
      },
      "minecraft:become_charged": {
        "remove": {
          "component_groups": [
            "minecraft:exploding"
          ]
        },
        "add": {
          "component_groups": [
            "minecraft:charged_exploding"
          ]
        }
      }
    }
  }
}