{
    "pools": [
        {
            "rolls": 1,
            "entries": [
                {
                    "type": "item",
                    "name": "minecraft:fish",
                    "functions": [
                        {
                            "function": "set_data",
                            "data": 0
                        },
                        {
                            "function": "looting_enchant",
                            "count": {
                                "min": 0,
                                "max": 1
                            }
                        }                        
                    ],
                    "weight": 60
                },
                {
                    "type": "item",
                    "name": "minecraft:fish",
                    "functions": [
                        {
                            "function": "set_data",
                            "data": 1
                        },
                        {
                            "function": "looting_enchant",
                            "count": {
                                "min": 0,
                                "max": 1
                            }
                        }                        
                    ],
                    "weight": 25
                },
                {
                    "type": "item",
                    "name": "minecraft:fish",
                    "functions": [
                        {
                            "function": "set_data",
                            "data": 2
                        },
                        {
                            "function": "looting_enchant",
                            "count": {
                                "min": 0,
                                "max": 1
                            }
                        }                        
                    ],
                    "weight": 2
                },
                {
                    "type": "item",
                    "name": "minecraft:fish",
                    "functions": [
                        {
                            "function": "set_data",
                            "data": 3
                        },
                        {
                            "function": "looting_enchant",
                            "count": {
                                "min": 0,
                                "max": 1
                            }
                        }                        
                    ],
                    "weight": 13
                }
            ]
        }
    ]
}