{
  "minecraft:entity": {
    "format_version": "1.1.0",

    "components": {
      "minecraft:identifier": {
        "id": "minecraft:wither"
      },
      "minecraft:breathable": {
        "totalSupply": 15,
        "suffocateTime": 0
      },
      "minecraft:health": {
        "value": 600,
        "max": 600
      },
      "minecraft:collision_box": {
        "width": 1,
        "height": 3
      },
      "minecraft:fire_immune": true,
      "minecraft:loot": {
        "table": "loot_tables/entities/wither_boss.json"
      },
      "minecraft:nameable": {
      },
      "minecraft:movement": {
        "value": 0.2
      },
	  "minecraft:attack": {
        "damage": 5,
        "effect_name": "wither",
        "effect_duration": 14
      },
	   "minecraft:behavior.summon_entity": {
        "priority": 2,

        "summon_choices": [
          {
            "min_activation_range": 0.0,
            "max_activation_range": 50.0,
            "cooldown_time": 25.0,
            "weight": 2,
            "cast_duration": 0.1,
            "particle_color": "#FF664D59",
            "start_sound_event": "cast.spell",
            "sequence": [
              {
                "shape": "circle",
                "target": "self",
                "base_delay": 1.0,
                "delay_per_summon": 0.0,
                "num_entities_spawned": 3,
                "entity_type": "minecraft:wither_skeleton",
                "size": 1.5,
                "sound_event": "prepare.summon"
              },
              {
                "shape": "circle",
                "target": "self",
                "base_delay": 0.15,
                "delay_per_summon": 0.3,
                "num_entities_spawned": 3,
                "entity_type": "minecraft:wither_skeleton",
                "size": 1.5,
				"sound_event": "prepare.summon"			
              }
            ]
          },
          {
            "min_activation_range": 2.0,
            "weight": 5,
            "cooldown_time": 40.0,
            "cast_duration": 0.1,
            "particle_color": "#FF664D59",
            "start_sound_event": "cast.spell",
            "sequence": [
              {
                "shape": "line",
                "target": "self",
                "base_delay": 1.0,
                "delay_per_summon": 0.3,
                "num_entities_spawned": 4,
                "entity_type": "minecraft:wither_skeleton",
                "size": 1.5,
				"sound_event": "prepare.summon"	
              }
            ]
          },
          {
            "weight": 8,
            "cooldown_time": 45.0,
            "cast_duration": 0.2,
            "particle_color": "#FFB3B3CC",
            "sequence": [
              {
                "shape": "circle",
                "target": "self",
                "base_delay": 5.0,
                "num_entities_spawned": 5,
                "entity_type": "minecraft:wither_skeleton",
                "summon_cap": 6,
                "summon_cap_radius": 16.0,
                "size": 1.0,
                "sound_event": "prepare.summon"
              }
            ]
          }
        ]
      },
      "minecraft:navigation.walk": {
        "can_float": true,
        "avoid_water": true
      },
      "minecraft:movement.basic": {
      },
      "minecraft:jump.static": {
      },
      "minecraft:can_climb": {
      },
      "minecraft:can_fly": {
      },
      "minecraft:behavior.float": {
        "priority": 1
      },
      "minecraft:behavior.wither_random_attack_pos_goal": {
        "priority": 3
      },
      "minecraft:wither_target_highest_damage": {
        "priority": 1
      },
      "minecraft:behavior.hurt_by_target": {
        "priority": 2
      },
      "minecraft:behavior.nearest_attackable_target": {
        "priority": 3,
        "entity_types": [
          {
            "filters": { "other_with_families": "player" },
            "max_dist": 90
          },
          {
            "filters": { "other_without_families": "undead" },
            "max_dist": 70
          }
        ],
        "must_see": true
      },
      "minecraft:behavior.random_stroll": {
        "priority": 5,
        "speed_multiplier": 1
      },
      "minecraft:behavior.look_at_target": {
        "priority": 5
      },
      "minecraft:behavior.look_at_player": {
        "priority": 6,
        "look_distance": 8
      },
      "minecraft:behavior.random_look_around": {
        "priority": 7
      },

      "minecraft:type_family": {
        "family": [ "wither", "skeleton", "monster", "undead" ]
      }
    },

    "events": {
      "minecraft:entity_spawned": {

      }
    }
  }
}