{
    "pools": [
      {
            "rolls": 1,
            "entries": [
                {
                    "type": "item",
                    "name": "minecraft:wool",
                    "weight": 1,
                    "functions": [ 
                        {
                            "function": "set_count",
                            "count": {
                                "min": 16,
                                "max": 31
                            }
                        },
                        {
                            "function": "minecraft:set_data_from_color_index"
                        }
                    ]
                }
            ]
      },  
      {
            "rolls": 1,
            "entries": [
                {
                    "type": "item",
                    "name": "minecraft:muttonRaw",
                    "weight": 1,
                    "functions": [
                        {
                            "function": "set_count",
                            "count": {
                                "min": 11,
                                "max": 16
                            }
                        },
                        {
                            "function": "furnace_smelt",
                            "conditions": [
                                {
                                    "condition": "entity_properties",
                                    "entity": "this",
                                    "properties": {
                                        "on_fire": true
                                    }
                                }
                            ]
                        },
                        {
                            "function": "looting_enchant",
                            "count": {
                                "min": 0,
                                "max": 1
                            }
                        }
                    ]
                }
            ]
        },
        {
        "rolls": 1,
        "entries": [
          {
            "type": "item",
            "name": "minecraft:netherStar",
            "weight": 1
          }
        ]
      }
    ]
}