{
  "tiers": [
    {
      "trades": [
        {
          "wants": [
            {
              "item": "minecraft:rotten_flesh",
              "quantity": {
                "min": 32,
                "max": 40
              }
            }
          ],
          "gives": [
            {
              "item": "minecraft:emerald"
            }
          ]
        },
        {
          "wants": [
            {
              "item": "minecraft:emerald",
              "quantity": {
                "min": 1,
                "max": 2
              }
            }
          ],
          "gives": [
            {
              "item": "minecraft:redstone",
              "quantity": 2			  
            }
          ]
        }
      ]
    },
    {
      "trades": [
        {
          "wants": [
            {
              "item": "minecraft:gold_ingot",
              "quantity": {
                "min": 3,
                "max": 6
              }			  
            }
          ],
          "gives": [
            {
              "item": "minecraft:emerald"
            }
          ]
        },
        {
          "wants": [
            {
              "item": "minecraft:emerald"
            }
          ],
          "gives": [
            {
              "item": "minecraft:dye:4"
            }
          ]
        }
      ]
    },
    {
      "trades": [
        {
          "wants": [
            {
              "item": "minecraft:rabbit_foot",
              "quantity": 2			  
            }
          ],
          "gives": [
            {
              "item": "minecraft:emerald"
            }
          ]
        },
        {
          "wants": [
            {
              "item": "minecraft:emerald",
              "quantity": {
                "min": 4,
                "max": 7
              }
            }
          ],
          "gives": [
            {
              "item": "minecraft:glowstone"
            }
          ]
        }
      ]
    },
    {
      "trades": [
        {
          "wants": [
            {
              "item": "minecraft:emerald",
              "quantity": 2			  
            }
          ],
          "gives": [
            {
              "item": "minecraft:speckled_melon"
            }
          ]
        },
        {
          "wants": [
            {
              "item": "minecraft:glass_bottle",
              "quantity": {
                "min": 9,
                "max": 14
              }
            }
          ],
          "gives": [
            {
              "item": "minecraft:emerald"
            }
          ]
        },
        {
          "wants": [
            {
              "item": "minecraft:emerald",
              "quantity": {
                "min": 5,
                "max": 10
              }
            }
          ],
          "gives": [
            {
              "item": "minecraft:ender_pearl"
            }
          ]
        }		
      ]
    },	
    {
      "trades": [
        {
          "wants": [
            {
              "item": "minecraft:nether_wart",
              "quantity": {
                "min": 22,
                "max": 34
              }
            }
          ],
          "gives": [
            {
              "item": "minecraft:emerald"
            }
          ]
        },	  
        {
          "wants": [
            {
              "item": "minecraft:emerald",
              "quantity": {
                "min": 3,
                "max": 11
              }
            }
          ],
          "gives": [
            {
              "item": "minecraft:experience_bottle"
            }
          ]
        }
      ]
    }
  ]
}
