{
  "tiers": [
    {
      "trades": [
        {
          "wants": [
            {
              "item": "minecraft:string",
              "quantity": 20
            }
          ],
          "gives": [
            {
              "item": "minecraft:emerald"
            }
          ]
        },
        {
          "wants": [
            {
              "item": "minecraft:coal:0",
                "quantity": {
                  "min": 10,
                  "max": 16
                }
            }
          ],
          "gives": [
            {
              "item": "minecraft:emerald"
            }
          ]
        },
        {
          "wants": [
            {
              "item": "minecraft:fish",
              "quantity": 6
            },
            {
              "item": "minecraft:emerald",
              "quantity": 1
            }
          ],
          "gives": [
            {
              "item": "minecraft:cooked_fish",
              "quantity": 6
            }
          ]
        }
      ]
    },
    {
      "trades": [
        {
          "wants": [
            {
              "item": "minecraft:fish",
              "quantity": {
                "min": 15,
                "max": 20
              }
            }
          ],
          "gives": [
            {
              "item": "minecraft:emerald"
            }
          ]
        },
        {
          "wants": [
            {
              "item": "minecraft:emerald",
              "quantity": {
                "min": 2,
                "max": 5
              }
            }
          ],
          "gives": [
            {
              "item": "minecraft:flint_and_steel"
            }
          ]
        },
        {
          "wants": [
            {
              "item": "minecraft:salmon",
			  "quantity": 6
            },		  
            {
              "item": "minecraft:emerald"
            }
          ],
          "gives": [
            {
              "item": "minecraft:cooked_salmon",
              "quantity": 6
            }
          ]
        }		
      ]
    },	
	{
      "trades": [
        {
          "wants": [
            {
              "item": "minecraft:salmon",
              "quantity": {
                "min": 13,
                "max": 18
              }
            }
          ],
          "gives": [
            {
              "item": "minecraft:emerald"
            }
          ]
        },
        {
          "wants": [
            {
              "item": "minecraft:pufferfish",
              "quantity": {
                "min": 4,
                "max": 8
              }
            }
          ],
          "gives": [
            {
              "item": "minecraft:emerald"
            }
          ]
        }		
      ]
    },		
    {
      "trades": [
        {
          "wants": [
            {
              "item": "minecraft:emerald",
              "quantity": {
                "min": 1,
                "max": 2
              }
            }
          ],
          "gives": [
            {
              "item": "minecraft:boat:0"
            }
          ]
        },	  
        {
          "wants": [
            {
              "item": "minecraft:emerald",
              "quantity": {
                "min": 8,
                "max": 22
              }
            }
          ],
          "gives": [
            {
              "item": "minecraft:fishing_rod",
              "quantity": 1,
              "functions": [
                {
                  "function": "enchant_with_levels",
                  "treasure": false,
                  "levels": {
                    "min": 5,
                    "max": 19
                  }
                }
              ]
            }
          ]
        }
      ]
    }
  ]
}
