{
  "tiers": [
    {
      "trades": [
        {
          "wants": [
            {
              "item": "minecraft:coal:0",
              "quantity": {
                "min": 15,
                "max": 24
              }
            }
          ],
          "gives": [
            {
              "item": "minecraft:emerald"
            }
          ]
        },
        {
          "wants": [
            {
              "item": "minecraft:emerald",
              "quantity": {
                "min": 3,
                "max": 6
              }
            }
          ],
          "gives": [
            {
              "item": "minecraft:iron_axe"
            }
          ]
        },
        {
          "wants": [
            {
              "item": "minecraft:emerald",
              "quantity": {
                "min": 7,
                "max": 21
              }
            }
          ],
          "gives": [
            {
              "item": "minecraft:iron_sword",
              "functions": [
                {
                  "function": "enchant_with_levels",
                  "treasure": false,
                  "levels": {
                    "min": 5,
                    "max": 19
                  }
                }
              ]			  
            }
          ]
        }		
      ]
    },
    {
      "trades": [
        {
          "wants": [
            {
              "item": "minecraft:iron_ingot",
              "quantity": {
                "min": 4,
                "max": 9
              }
            }
          ],
          "gives": [
            {
              "item": "minecraft:emerald",
              "quantity": 1
            }
          ]
        },
        {
          "wants": [
            {
              "item": "minecraft:emerald",
              "quantity": {
                "min": 9,
                "max": 21
              }
            }
          ],
          "gives": [
            {
              "item": "minecraft:iron_axe",
              "functions": [
                {
                  "function": "enchant_with_levels",
                  "treasure": false,
                  "levels": {
                    "min": 5,
                    "max": 19
                  }
                }
              ]
            }
          ]
        }
      ]
    },
    {
      "trades": [
        {
          "wants": [
            {
              "item": "minecraft:flint",
              "quantity": {
                "min": 24,
                "max": 32
              }
            }
          ],
          "gives": [
            {
              "item": "minecraft:emerald"
            }
          ]
        },
        {
          "wants": [
            {
              "item": "minecraft:diamond",
              "quantity": {
                "min": 1,
                "max": 2
              }
            }
          ],
          "gives": [
            {
              "item": "minecraft:emerald"
            }
          ]
        }
	  ]
    },
    {
      "trades": [	
        {
          "wants": [
            {
              "item": "minecraft:emerald",
              "quantity": {
                "min": 13,
                "max": 27
              }
            }
          ],
          "gives": [
            {
              "item": "minecraft:diamond_sword",
              "functions": [
                {
                  "function": "enchant_with_levels",
                  "treasure": false,
                  "levels": {
                    "min": 5,
                    "max": 19
                  }
                }
              ]
            }
          ]
        },
        {
          "wants": [
            {
              "item": "minecraft:emerald",
              "quantity": {
                "min": 17,
                "max": 31
              }
            }
          ],
          "gives": [
            {
              "item": "minecraft:diamond_axe",
              "functions": [
                {
                  "function": "enchant_with_levels",
                  "treasure": false,
                  "levels": {
                    "min": 5,
                    "max": 19
                  }
                }
              ]
            }
          ]
        }
      ]
    }
  ]
}
