{
    "pools": [
        {
            "rolls": 1,
            "entries": [
                {
                    "type": "item",
                    "name": "minecraft:sand",
                    "functions": [
                        {
                            "function": "set_count",
                            "count": {
                                "min": 0,
                                "max": 4
                    "type": "item",
                    "name": "minecraft:rotten_flesh",
                    "functions": [
						{
                            "function": "set_count",
                            "count": {
                                "min": 0,
                                "max": 2
                            }
                        {
                            "function": "looting_enchant",
                            "count": {
                                "min": 0,
                                "max": 1
                        }
                    ]
                }
            ]
        }
    ]
}