{
  "minecraft:entity": {
    "format_version": "1.1.0",

    "component_groups": {
      "minecraft:zombie_horse_leashed": {
        "minecraft:behavior.move_towards_restriction": {
          "priority": 2,
          "speed_multiplier": 1.0
        }
      },
      "minecraft:horse_wild": {
        "minecraft:rideable": {
          "seat_count": 1,
          "family_types": [
            "player",
            "zombie_adult"
          ],
          "interact_text": "action.interact.mount",
          "seats": {
            "position": [0.0, 1.2, -0.2]
          }

        },
        "minecraft:behavior.mount_pathing": {
          "priority": 2,
          "speed_multiplier": 1.5,
          "target_dist": 0.0,
          "track_target": true
        },
        "minecraft:tamemount": {
          "minTemper": 0,
          "maxTemper": 100,
          "feed_text": "action.interact.feed",
          "ride_text": "action.interact.mount",
          "feedItems": [
            {
              "item": "wheat",
              "temperMod": 3
            },
            {
              "item": "sugar",
              "temperMod": 3
            },
            {
              "item": "apple",
              "temperMod": 3
            },
            {
              "item": "golden_carrot",
              "temperMod": 5
            },
            {
              "item": "golden_apple",
              "temperMod": 10
            },
            {
              "item": "red_mushroom",
              "temperMod": 3
            }
          ],
          "autoRejectItems": [
            {
              "item": "horsearmorleather"
            },
            {
              "item": "horsearmoriron"
            },
            {
              "item": "horsearmorgold"
            },
            {
              "item": "horsearmordiamond"
            },
            {
              "item": "saddle"
            }
          ],
          "tame_event": {
            "event": "minecraft:on_tame",
            "target": "self"
          }
        }
      },
      "minecraft:horse_tamed": {
        "minecraft:is_tamed": {
        },
        "minecraft:rideable": {
          "priority": 0,
          "seat_count": 1,
          "crouching_skip_interact": true,
          "family_types": [
            "player"
          ],
          "interact_text": "Tap Sneak to dismount",
          "seats": {
            "position": [ 0.0, 1.2, -0.2 ]
          }

        },
        "minecraft:inventory": {
          "inventory_size": 2,
          "container_type": "horse"
        },
        "minecraft:behavior.tempt": {
          "priority": 5,
          "speed_multiplier": 1.2,
          "items": [
            "apple",
            "carrot",
            "golden_apple",
            "red_mushroom",
            "golden_carrot",
            "tile.hay_block",
            "sugar",
            "bread",
            "wheat"
          ]
        }
      },
      "minecraft:horse_saddled": {
        "minecraft:is_saddled": {
        },
        "minecraft:input_ground_controlled": {
        },
        "minecraft:can_power_jump": {
        },
        "minecraft:behavior.player_ride_tamed": {
        }
      }            
    },

    "components": {
      "minecraft:identifier": {
        "id": "minecraft:zombie_horse"
      },
      "minecraft:type_family": {
        "family": [ "zombiehorse", "undead","horse" ]
      },
      "minecraft:equippable": {
        "slots": [
          {
            "slot": 0,
            "item": "saddle",
            "accepted_items": ["saddle"],
            "on_equip": {
              "event": "minecraft:horse_saddled"
            },
            "on_unequip": {
              "event": "minecraft:horse_unsaddled"
            }
          },
          {
            "slot": 1,
            "item": "horsearmoriron",
            "accepted_items": [
              "horsearmorleather",
              "horsearmoriron",
              "horsearmorgold",
              "horsearmordiamond"
            ]
          }
        ]
      },      
      "minecraft:breathable": {
        "totalSupply": 15,
        "suffocateTime": 0
      },
      "minecraft:collision_box": {
        "width": 1.4,
        "height": 1.6
      },
        "minecraft:behavior.run_around_like_crazy": {
          "priority": 1,
          "speed_multiplier": 1.2
        },      
      "minecraft:health": {
        "value": 25,
        "max": 25
      },
      "minecraft:loot": {
        "table": "loot_tables/entities/zombie_horse.json"
      },
      "minecraft:movement": {
        "value": 0.2
      },
      "minecraft:navigation.walk": {
        "can_float": true,
        "avoid_water": true
      },
      "minecraft:movement.basic": {
      },
      "minecraft:jump.static": {
      },
      "minecraft:nameable": {
      },
      "minecraft:horse.jump_strength": {
        "value": {
          "range_min": 0.4, 
          "range_max": 1.0
        }
      },
      "minecraft:leashable": {
        "soft_distance": 8.0,
        "hard_distance": 12.0,
        "max_distance": 16.0,
        "on_leash": {
          "event": "minecraft:on_leash",
          "target": "self"
        },
        "on_unleash": {
          "event": "minecraft:on_unleash",
          "target": "self"
        }
      },
      "minecraft:behavior.float": {
        "priority": 0
      },
      "minecraft:behavior.panic": {
        "priority": 1,
        "speed_multiplier": 1.2
      },
      "minecraft:behavior.random_stroll": {
        "priority": 6,
        "speed_multiplier": 0.7
      },
      "minecraft:behavior.look_at_player": {
        "priority": 7,
        "look_distance": 6.0,
        "probability": 0.02
      },
      "minecraft:behavior.random_look_around": {
        "priority": 8
      },
      "minecraft:healable": {
        "items": [
          {
            "item": "wheat",
            "heal_amount": 2
          },
          {
            "item": "sugar",
            "heal_amount": 1
          },
          {
            "item": "tile.hay_block",
            "heal_amount": 20
          },
          {
            "item": "apple",
            "heal_amount": 3
          },
          {
            "item": "golden_carrot",
            "heal_amount": 4
          },
          {
            "item": "golden_apple",
            "heal_amount": 10
          },
          {
            "item": "red_mushroom",
            "heal_amount": 10
          }
        ]
      },
      "minecraft:behavior.mount_pathing": {
        "priority": 2,
        "speed_multiplier": 1.5,
        "target_dist": 0.0,
        "track_target": true
      }
    },

    "events": {
      "minecraft:entity_spawned": {
        "add": {
          "component_groups": [
            "minecraft:horse_wild"
          ]
        }
      },      
      "minecraft:on_leash": {
        "add": {
          "component_groups": [
            "minecraft:zombie_horse_leashed"
          ]
        }
      },
      "minecraft:on_unleash": {
        "remove": {
          "component_groups": [
            "minecraft:zombie_horse_leashed"
          ]
        }
      },
      "minecraft:entity_transformed": {
        "remove": {
        },
        "add": {
          "component_groups": [
            "minecraft:horse_wild"
          ]
        }
      },
      "minecraft:on_tame": {
        "remove": {
          "component_groups": [
            "minecraft:horse_wild"
          ]
        },
        "add": {
          "component_groups": [
            "minecraft:horse_tamed"
          ]
        }
      },
      "minecraft:horse_saddled": {
        "add": {
          "component_groups": [
            "minecraft:horse_saddled"
          ]
        }
      },
      "minecraft:horse_unsaddled": {
        "remove": {
          "component_groups": [
            "minecraft:horse_saddled"
          ]
        }
      }                  
    }
  }
}